cycle,coherence,epsilon,epsilon_gw,phi_pred,eps_pred
200,0.1,10077.77542358,1.00777754,0.1,10077.77542358
