cycle,phi_pred,eps_pred
210,0.1,10077.77542358
220,0.14128335266590816,10611.174245287742
230,0.18256670533181651,11144.573066995488
240,0.22385005799772495,11677.971888703232
250,0.2651334106636331,12211.370710410978
