temporal_stability_index,causal_drift,source_cri
1.554004323915429e-09,7.741089658104442e-09,0.3478357059414689
