resonance_mean,alignment_index,flux_variance
0.07362395551926822,0.48213226625563144,0.13055647155734848
