mean_stability,stability_decay
0.8934426576072968,0.1065573423927032
