cycle,phi_pred,eps_pred
210,-0.12242780897181393,10833.322805638549
220,-0.17297011311079225,11406.71141342462
230,-0.22351241724977078,11980.100021210694
240,-0.2740547213887493,12553.488628996767
250,-0.3245970255277276,13126.877236782839
