mean_coherence,var_coherence,rebounds
0.4560280847,0.08577570596045951,0
