causal_bias,mutual_information_norm,causal_reconstruction_index
0.10550218964321978,0.6292808991246347,0.3478357059414689
